job_id,status,title,company,location,posted_at,url,scraped_at
https://jobs.lever.co/easypost-2/0ce7d0fc-bc7a-431a-ae52-dfd6e0fade97,NEW,Senior Partnerships Account Executive,EasyPost,,,https://jobs.lever.co/easypost-2/0ce7d0fc-bc7a-431a-ae52-dfd6e0fade97,2026-07-29 19:39:37
https://ats.rippling.com/rippling/jobs/cfc91c72-11b0-493c-98e8-98a3d659afa2,NEW,"Group Product Manager, International",Rippling,,,https://ats.rippling.com/rippling/jobs/cfc91c72-11b0-493c-98e8-98a3d659afa2,2026-07-29 19:39:37
https://ats.rippling.com/rippling/jobs/016e1cfb-a69c-44fd-9d39-ae7973ad3cc2,NEW,Sr. Product Design Manager – HRIS | India Design Site Lead,Rippling,,,https://ats.rippling.com/rippling/jobs/016e1cfb-a69c-44fd-9d39-ae7973ad3cc2,2026-07-29 19:39:37
https://ats.rippling.com/rippling/jobs/fb7ff4c0-9316-46c7-884e-b84ef6f9cb54,NEW,Implementation Manager (French),Rippling,,,https://ats.rippling.com/rippling/jobs/fb7ff4c0-9316-46c7-884e-b84ef6f9cb54,2026-07-29 19:39:37
https://ats.rippling.com/rippling/jobs/e4b8b3db-b577-4ac1-a858-dbb0fd29d3b0,NEW,"Team Lead, KYC & Fraud Operations",Rippling,,,https://ats.rippling.com/rippling/jobs/e4b8b3db-b577-4ac1-a858-dbb0fd29d3b0,2026-07-29 19:39:37
https://ats.rippling.com/rippling/jobs/91ae85ae-9d73-4eb3-a1e2-2c0fe32c7c77,NEW,"Staff Software Engineer - AI Agents, Automations, & Plugins",Rippling,,,https://ats.rippling.com/rippling/jobs/91ae85ae-9d73-4eb3-a1e2-2c0fe32c7c77,2026-07-29 19:39:37
https://ats.rippling.com/rippling/jobs/cae068ac-8f97-463c-b2a3-1558ecdafc7e,NEW,Senior Frontend Engineer - Web Infra,Rippling,,,https://ats.rippling.com/rippling/jobs/cae068ac-8f97-463c-b2a3-1558ecdafc7e,2026-07-29 19:39:37
https://app.careerpuck.com/job-board/color-health/job/41fa6f16-b2f2-46c6-bdb4-9aae3b9b5b96,NEW,"Software Engineer, New Grad 2026",Color,,,https://app.careerpuck.com/job-board/color-health/job/41fa6f16-b2f2-46c6-bdb4-9aae3b9b5b96,2026-07-29 19:39:37
https://jobs.ashbyhq.com/clipboard/7f481ae8-22b8-4adf-8f02-b65a802b58d3,NEW,Customer Support Team Lead,Clipboard Health,,,https://jobs.ashbyhq.com/clipboard/7f481ae8-22b8-4adf-8f02-b65a802b58d3,2026-07-29 19:39:37
https://jobs.ashbyhq.com/frontcareers/e4631eb5-5167-4810-9471-6bca3e0e694b,NEW,"Sales Development Representative, EMEA",Front,,,https://jobs.ashbyhq.com/frontcareers/e4631eb5-5167-4810-9471-6bca3e0e694b,2026-07-29 19:39:37
https://jobs.ashbyhq.com/envoy/fb56e24e-41dc-45d8-9bdb-b059635fb7a6,NEW,"Member of Technical Staff Engineer, Fullstack (50/50)",Envoy,,,https://jobs.ashbyhq.com/envoy/fb56e24e-41dc-45d8-9bdb-b059635fb7a6,2026-07-29 19:39:37
https://jobs.ashbyhq.com/clipboard/b796562a-0af5-41b2-985a-e2bc12d594e0,NEW,Customer Support Team Lead,Clipboard Health,,,https://jobs.ashbyhq.com/clipboard/b796562a-0af5-41b2-985a-e2bc12d594e0,2026-07-29 19:39:37
https://jobs.ashbyhq.com/curri/36fbbfc8-b43d-4301-90d5-66f5696b0558,NEW,Customer Service Operations Representative (Ventura),Curri,,,https://jobs.ashbyhq.com/curri/36fbbfc8-b43d-4301-90d5-66f5696b0558,2026-07-29 19:39:37
https://jobs.ashbyhq.com/trm-labs/0cb635c7-de7b-4770-bcda-b3320a23df9f,NEW,"Deployment Strategist, Eastern Europe",TRM Labs,,,https://jobs.ashbyhq.com/trm-labs/0cb635c7-de7b-4770-bcda-b3320a23df9f,2026-07-29 19:39:37
https://jobs.gem.com/astroforge-io/am9icG9zdDozxxMRLakTOYos-7zV_Hki,NEW,CNC Operator,AstroForge,,,https://jobs.gem.com/astroforge-io/am9icG9zdDozxxMRLakTOYos-7zV_Hki,2026-07-29 19:39:37
https://job-boards.greenhouse.io/icarus/jobs/5372288008,NEW,Director of Facilities,Icarus,,,https://job-boards.greenhouse.io/icarus/jobs/5372288008,2026-07-29 19:39:37
https://job-boards.greenhouse.io/formic/jobs/4700352006,NEW,Go-To-Market Engineer,Formic,,,https://job-boards.greenhouse.io/formic/jobs/4700352006,2026-07-29 19:39:37
https://job-boards.greenhouse.io/formic/jobs/4699467006,NEW,Go-To-Market Engineer,Formic,,,https://job-boards.greenhouse.io/formic/jobs/4699467006,2026-07-29 19:39:37
https://ats.rippling.com/rippling/jobs/2893ae60-2d77-4f32-967e-10b02d9adf2c,NEW,Technical Storyteller,Rippling,,,https://ats.rippling.com/rippling/jobs/2893ae60-2d77-4f32-967e-10b02d9adf2c,2026-07-29 19:39:37
https://jobs.lever.co/ro/aabbdfed-3e4a-4242-93e4-628d63328926,NEW,"Ro Pharmacy Interview Day! Saturday, August 15th",Ro,,,https://jobs.lever.co/ro/aabbdfed-3e4a-4242-93e4-628d63328926,2026-07-29 19:39:37
https://ats.rippling.com/rippling/jobs/b8d741c0-7db4-4933-a857-c9691a278f21,NEW,Servicing Manager ,Rippling,,,https://ats.rippling.com/rippling/jobs/b8d741c0-7db4-4933-a857-c9691a278f21,2026-07-29 19:39:37
https://ats.rippling.com/rippling/jobs/31a32fd8-a5ce-4b2a-b70c-59609becd508,NEW,Collections Manager,Rippling,,,https://ats.rippling.com/rippling/jobs/31a32fd8-a5ce-4b2a-b70c-59609becd508,2026-07-29 19:39:37
https://ats.rippling.com/rippling/jobs/55693d69-a383-45bb-a1c7-ac0cf37b30dd,NEW,Servicing Associate,Rippling,,,https://ats.rippling.com/rippling/jobs/55693d69-a383-45bb-a1c7-ac0cf37b30dd,2026-07-29 19:39:37
https://job-boards.greenhouse.io/algolia/jobs/6008981004,NEW,Channel Solutions Engineer,Algolia,,,https://job-boards.greenhouse.io/algolia/jobs/6008981004,2026-07-29 19:39:37
https://ats.rippling.com/rippling/jobs/e64a65a0-7b28-4f82-b06f-b2b9c9fb3edc,NEW,Staff Software Engineer - AI Governance,Rippling,,,https://ats.rippling.com/rippling/jobs/e64a65a0-7b28-4f82-b06f-b2b9c9fb3edc,2026-07-29 19:39:37
https://job-boards.greenhouse.io/flexport/jobs/8065932,NEW,"Senior Trade Advisory Associate, Classification",Flexport,,,https://job-boards.greenhouse.io/flexport/jobs/8065932,2026-07-29 19:39:37
https://job-boards.greenhouse.io/flexport/jobs/8083462,NEW,"Senior Trade Advisory Associate, Post-Entry",Flexport,,,https://job-boards.greenhouse.io/flexport/jobs/8083462,2026-07-29 19:39:37
https://job-boards.greenhouse.io/flexport/jobs/8048389,NEW,"Recruiter, EMEA",Flexport,,,https://job-boards.greenhouse.io/flexport/jobs/8048389,2026-07-29 19:39:37
https://job-boards.greenhouse.io/albedo/jobs/4331352009,NEW,Manufacturing Specialist,Albedo,,,https://job-boards.greenhouse.io/albedo/jobs/4331352009,2026-07-29 19:39:37
https://job-boards.greenhouse.io/flexport/jobs/8081240,NEW,Air Freight Manager,Flexport,,,https://job-boards.greenhouse.io/flexport/jobs/8081240,2026-07-29 19:39:37
https://job-boards.greenhouse.io/flexport/jobs/8080155,NEW,Sales Development Representative (Flemish speaking),Flexport,,,https://job-boards.greenhouse.io/flexport/jobs/8080155,2026-07-29 19:39:37
https://ats.rippling.com/rippling/jobs/b64a52fa-11d9-49c0-b9bf-b6592c93bf55,NEW,Pay Run Management Support,Rippling,,,https://ats.rippling.com/rippling/jobs/b64a52fa-11d9-49c0-b9bf-b6592c93bf55,2026-07-29 19:39:37
https://jobs.ashbyhq.com/Flock%20Safety/79de29be-0e3c-4d3b-a3f6-de78f705c2ab,NEW,"Senior Product Manager, Cloud Video",Flock Safety,,,https://jobs.ashbyhq.com/Flock%20Safety/79de29be-0e3c-4d3b-a3f6-de78f705c2ab,2026-07-29 19:39:37
https://jobs.ashbyhq.com/curri/98e08000-7a5b-4b59-be18-247366ec706d,NEW,AR Specialist,Curri,,,https://jobs.ashbyhq.com/curri/98e08000-7a5b-4b59-be18-247366ec706d,2026-07-29 19:39:37
https://apply.workable.com/j/F9ACEEFE3A,NEW,"Senior Technical Product Manager, Integrations",Ottimate,,,https://apply.workable.com/j/F9ACEEFE3A,2026-07-29 19:39:37
https://ats.rippling.com/rippling/jobs/eea8a89f-381a-4fa3-80f2-5206a3cd6202,NEW,Software Engineer I - Backend Leaning FullStack,Rippling,,,https://ats.rippling.com/rippling/jobs/eea8a89f-381a-4fa3-80f2-5206a3cd6202,2026-07-29 19:39:37
https://job-boards.greenhouse.io/flexport/jobs/8087877,NEW,HR Generalist,Flexport,,,https://job-boards.greenhouse.io/flexport/jobs/8087877,2026-07-29 19:39:37
https://consider.com/boards/job/c40fb2a8-3e87-41be-8930-00347e8654ed,NEW,Technician,Icarus,,,https://consider.com/boards/job/c40fb2a8-3e87-41be-8930-00347e8654ed,2026-07-29 19:39:37
https://consider.com/boards/job/eb76e302-e9a2-4bc9-a1b8-8ebe5d7d1411,NEW,Manufacturing Engineer,Icarus,,,https://consider.com/boards/job/eb76e302-e9a2-4bc9-a1b8-8ebe5d7d1411,2026-07-29 19:39:37
https://consider.com/boards/job/ab6f3aad-d680-4075-99e1-b69f5bda3ff8,NEW,Engineer (YC Track),Icarus,,,https://consider.com/boards/job/ab6f3aad-d680-4075-99e1-b69f5bda3ff8,2026-07-29 19:39:37
https://consider.com/boards/job/50e7a39e-cee2-4b38-866f-184f0ebb3a28,NEW,Forward Deployed Engineer,Icarus,,,https://consider.com/boards/job/50e7a39e-cee2-4b38-866f-184f0ebb3a28,2026-07-29 19:39:37
https://consider.com/boards/job/3d04ca50-644f-45bd-8eca-8797054adec4,NEW,Dream Job,Icarus,,,https://consider.com/boards/job/3d04ca50-644f-45bd-8eca-8797054adec4,2026-07-29 19:39:37
https://job-boards.greenhouse.io/icarus/jobs/5366576008,NEW,Senior Aerodynamics Engineer,Icarus,,,https://job-boards.greenhouse.io/icarus/jobs/5366576008,2026-07-29 19:39:37
https://job-boards.greenhouse.io/flexport/jobs/8084127,NEW,Sales Development Representative - New Grad,Flexport,,,https://job-boards.greenhouse.io/flexport/jobs/8084127,2026-07-29 19:39:37
https://job-boards.greenhouse.io/flexport/jobs/8084123,NEW,Sales Development Representative,Flexport,,,https://job-boards.greenhouse.io/flexport/jobs/8084123,2026-07-29 19:39:37
https://job-boards.greenhouse.io/flexport/jobs/8084124,NEW,Inbound Sales Development Representative,Flexport,,,https://job-boards.greenhouse.io/flexport/jobs/8084124,2026-07-29 19:39:37
https://ats.rippling.com/rippling/jobs/64554859-b5a2-44b8-a9d2-67a68536c605,NEW,"Customer Support Specialist, Tax",Rippling,,,https://ats.rippling.com/rippling/jobs/64554859-b5a2-44b8-a9d2-67a68536c605,2026-07-29 19:39:37
https://job-boards.greenhouse.io/icarus/jobs/5370144008,NEW,Engineer (YC Track),Icarus,,,https://job-boards.greenhouse.io/icarus/jobs/5370144008,2026-07-29 19:39:37
https://ats.rippling.com/rippling/jobs/d8b8f2c7-9a97-4475-bd57-bec0d5878986,NEW,Channel Marketing Manager,Rippling,,,https://ats.rippling.com/rippling/jobs/d8b8f2c7-9a97-4475-bd57-bec0d5878986,2026-07-29 19:39:37
https://job-boards.greenhouse.io/goatgroup/jobs/4718288005,NEW,Senior Full Stack Engineer,Goat,,,https://job-boards.greenhouse.io/goatgroup/jobs/4718288005,2026-07-29 19:39:37
